<?xml version="1.0" encoding="utf-8"?>
<model3dmeta>
	&#10;&#9;&#10;&#9;&#10;&#9;&#10;&#9;&#10;&#9;&#10;&#9;&#10;&#9;&#10;&#9;&#10;&#9;&#10;&#9;&#10;&#9;&#10;&#9;&#10;&#9;&#10;&#10;&#9;&#10;&#9;&#10;&#9;&#10;&#9;&#10;&#9;&#10;&#9;&#10;&#9;&#10;&#9;&#10;&#9;&#10;&#9;&#10;&#9;&#10;&#9;&#10;&#10;&#9;&#10;&#9;&#10;&#9;&#10;&#9;&#10;&#9;&#10;&#9;&#10;&#9;&#10;&#9;&#10;&#9;&#10;&#9;&#10;&#9;&#10;&#9;&#10;&#9;&#10;
	<name>hand_skinned</name>
	<model_name_blender>hand_skinned</model_name_blender>
	<type>skinned</type>
	<n_dims>27</n_dims>
	<low_bounds>-5000,-5000,500,-1,-1,-1,-1,0,-0.523599,0,0,0,-0.523599,0,0,0,-0.523599,0,0,0,-0.523599,0,0,0,-0.523599,0,0</low_bounds>
	<high_bounds>5000,5000,5000,1,1,1,1,1.5708,0.523599,1.5708,1.5708,1.5708,0.523599,1.5708,1.5708,1.5708,0.523599,1.5708,1.5708,1.5708,0.523599,1.5708,1.5708,1.5708,0.523599,1.5708,1.5708</high_bounds>
	<default_state>0,0,3000,0,0,0,1,3.72529e-08,-1.49012e-08,2.23517e-08,0,0,0,0,-2.23517e-08,0,0,-1.49012e-08,1.49012e-08,0,0,0,0,0,0,-1.98343e-08,2.98023e-08</default_state>
	<dim_types>t,t,t,q,q,q,q,e,e,e,e,e,e,e,e,e,e,e,e,e,e,e,e,e,e,e,e</dim_types>
	<dim_axes>X,Y,Z,X,Y,Z,W,X,Z,X,X,X,Z,X,X,X,Z,X,X,X,Z,X,X,X,Z,X,X</dim_axes>
	<dim_groups>1,1,1,1,1,1,1,2,2,3,4,5,5,6,7,8,8,9,10,11,11,12,13,14,14,15,16</dim_groups>
	<dim_names>global,global,global,global,global,global,global,f_pinky.01.R_rot,f_pinky.01.R_rot,f_pinky.02.R_rot,f_pinky.03.R_rot,f_middle.01.R_rot,f_middle.01.R_rot,f_middle.02.R_rot,f_middle.03.R_rot,f_ring.01.R_rot,f_ring.01.R_rot,f_ring.02.R_rot,f_ring.03.R_rot,thumb.01.R_rot,thumb.01.R_rot,thumb.02.R_rot,thumb.03.R_rot,f_index.01.R_rot,f_index.01.R_rot,f_index.02.R_rot,f_index.03.R_rot</dim_names>
	<parts>
		&#10;&#9;&#9;&#10;&#9;&#9;&#10;&#9;&#10;&#9;&#9;&#10;&#9;
		<part>
			&#10;&#9;&#9;&#9;&#10;&#9;&#9;&#9;&#10;&#9;&#9;&#9;&#10;&#9;&#9;&#9;&#10;&#9;&#9;&#10;&#9;&#9;&#9;&#10;&#9;&#9;&#9;&#10;&#9;&#9;&#9;&#10;&#9;&#9;
			<id>all</id>
			<vis_ratio>1.0</vis_ratio>
			<primitives>hand.R,f_pinky.01.R,f_pinky.02.R,f_pinky.03.R,f_pinky.03.R.004,f_middle.01.R,f_middle.02.R,f_middle.03.R,f_middle.03.R.001,f_ring.01.R,f_ring.02.R,f_ring.03.R,f_ring.03.R.001,thumb.01.R,thumb.02.R,thumb.03.R,thumb.03.R.001,f_index.01.R,f_index.02.R,f_index.03.R,f_index.03.R.001</primitives>
		</part>
	</parts>
	<partitions>
		&#10;&#9;&#9;&#10;&#9;
		<partition>
			&#10;&#9;&#9;&#9;&#10;&#9;&#9;&#9;&#10;&#9;&#9;
			<id>main</id>
			<dims>0,1,2,3,4,5,6,7,8,9,10,11,12,13,14,15,16,17,18,19,20,21,22,23,24,25,26</dims>
		</partition>
	</partitions>
	<n_bones>21</n_bones>
</model3dmeta>
